Date,Day,Model Home,Assigned Staff 1,Assigned Staff 2,Email AS1,Email AS2
01/01/2025,,705 Paseo Musical,,,,
01/01/2025,,12509 Furlong,,,,
01/01/2025,,12380 Fresh Water Dr.,,,,
02/01/2025,,705 Paseo Musical,,,,
02/01/2025,,12509 Furlong,,,,
02/01/2025,,12380 Fresh Water Dr.,,,,
03/01/2025,,705 Paseo Musical,,,,
03/01/2025,,12509 Furlong,,,,
03/01/2025,,12380 Fresh Water Dr.,,,,
04/01/2025,,705 Paseo Musical,,,,
04/01/2025,,12509 Furlong,,,,
04/01/2025,,12380 Fresh Water Dr.,,,,
05/01/2025,,705 Paseo Musical,,,,
05/01/2025,,12509 Furlong,,,,
05/01/2025,,12380 Fresh Water Dr.,,,,
06/01/2025,,705 Paseo Musical,,,,
06/01/2025,,12509 Furlong,,,,
06/01/2025,,12380 Fresh Water Dr.,,,,
07/01/2025,,705 Paseo Musical,,,,
07/01/2025,,12509 Furlong,,,,
07/01/2025,,12380 Fresh Water Dr.,,,,
08/01/2025,,705 Paseo Musical,,,,
08/01/2025,,12509 Furlong,,,,
08/01/2025,,12380 Fresh Water Dr.,,,,
09/01/2025,,705 Paseo Musical,,,,
09/01/2025,,12509 Furlong,,,,
09/01/2025,,12380 Fresh Water Dr.,,,,
10/01/2025,,705 Paseo Musical,,,,
10/01/2025,,12509 Furlong,,,,
10/01/2025,,12380 Fresh Water Dr.,,,,
11/01/2025,,705 Paseo Musical,,,,
11/01/2025,,12509 Furlong,,,,
11/01/2025,,12380 Fresh Water Dr.,,,,
12/01/2025,,705 Paseo Musical,,,,
12/01/2025,,12509 Furlong,,,,
12/01/2025,,12380 Fresh Water Dr.,,,,
13/01/2025,,705 Paseo Musical,,,,
13/01/2025,,12509 Furlong,,,,
13/01/2025,,12380 Fresh Water Dr.,,,,
14/01/2025,,705 Paseo Musical,,,,
14/01/2025,,12509 Furlong,,,,
14/01/2025,,12380 Fresh Water Dr.,,,,
15/01/2025,,705 Paseo Musical,,,,
15/01/2025,,12509 Furlong,,,,
15/01/2025,,12380 Fresh Water Dr.,,,,
16/01/2025,,705 Paseo Musical,,,,
16/01/2025,,12509 Furlong,,,,
16/01/2025,,12380 Fresh Water Dr.,,,,
17/01/2025,,705 Paseo Musical,,,,
17/01/2025,,12509 Furlong,,,,
17/01/2025,,12380 Fresh Water Dr.,,,,
18/01/2025,,705 Paseo Musical,,,,
18/01/2025,,12509 Furlong,,,,
18/01/2025,,12380 Fresh Water Dr.,,,,
19/01/2025,,705 Paseo Musical,,,,
19/01/2025,,12509 Furlong,,,,
19/01/2025,,12380 Fresh Water Dr.,,,,
20/01/2025,,705 Paseo Musical,,,,
20/01/2025,,12509 Furlong,,,,
20/01/2025,,12380 Fresh Water Dr.,,,,
21/01/2025,,705 Paseo Musical,,,,
21/01/2025,,12509 Furlong,,,,
21/01/2025,,12380 Fresh Water Dr.,,,,
22/01/2025,,705 Paseo Musical,,,,
22/01/2025,,12509 Furlong,,,,
22/01/2025,,12380 Fresh Water Dr.,,,,
23/01/2025,,705 Paseo Musical,,,,
23/01/2025,,12509 Furlong,,,,
23/01/2025,,12380 Fresh Water Dr.,,,,
24/01/2025,,705 Paseo Musical,,,,
24/01/2025,,12509 Furlong,,,,
24/01/2025,,12380 Fresh Water Dr.,,,,
25/01/2025,,705 Paseo Musical,,,,
25/01/2025,,12509 Furlong,,,,
25/01/2025,,12380 Fresh Water Dr.,,,,
26/01/2025,,705 Paseo Musical,,,,
26/01/2025,,12509 Furlong,,,,
26/01/2025,,12380 Fresh Water Dr.,,,,
27/01/2025,,705 Paseo Musical,,,,
27/01/2025,,12509 Furlong,,,,
27/01/2025,,12380 Fresh Water Dr.,,,,
28/01/2025,,705 Paseo Musical,,,,
28/01/2025,,12509 Furlong,,,,
28/01/2025,,12380 Fresh Water Dr.,,,,
29/01/2025,,705 Paseo Musical,,,,
29/01/2025,,12509 Furlong,,,,
29/01/2025,,12380 Fresh Water Dr.,,,,
30/01/2025,,705 Paseo Musical,,,,
30/01/2025,,12509 Furlong,,,,
30/01/2025,,12380 Fresh Water Dr.,,,,
31/01/2025,,705 Paseo Musical,,,,
31/01/2025,,12509 Furlong,,,,
31/01/2025,,12380 Fresh Water Dr.,,,,